filename,category
Matchua_260721_3_100.wav,queenless
queen_4.wav,queen
queen_10.wav,queen
queen_29.wav,queen
queen_38.wav,queen
queen_40.wav,queen
queen_49.wav,queen
queen_62.wav,queen
queen_73.wav,queen
queen_186.wav,queen
queen_272.wav,queen
queen_390.wav,queen
queen_454.wav,queen
queen_563.wav,queen
queen_760.wav,queen
queen_1342.wav,queen
queen_7604.wav,queen
queen_14727.wav,queen
queen_19393.wav,queen
queen_22106.wav,queen
queen_22764.wav,queen
queen_26182.wav,queen
queen_26812.wav,queen
queen_27747.wav,queen
queen_28156.wav,queen
queen_29317.wav,queen
queen_29999.wav,queen
queenless_2.wav,queenless
queenless_13.wav,queenless
queenless_29.wav,queenless
queenless_41.wav,queenless
queenless_96.wav,queenless
queenless_299.wav,queenless
queenless_310.wav,queenless
queenless_502.wav,queenless
queenless_844.wav,queenless
queenless_1670.wav,queenless
queenless_4982.wav,queenless
queenless_23886.wav,queenless
queenless_28790.wav,queenless
queenless_29999.wav,queenless

